"STATION","NAME","DATE","PRCP","TAVG","TMAX","TMIN"
"RPM00098644","TAGBILARAN, RP","1979-01","3.71",,,
"RPM00098644","TAGBILARAN, RP","1979-02","1.14",,"89.7",
"RPM00098644","TAGBILARAN, RP","1979-03","0.85",,,
"RPM00098644","TAGBILARAN, RP","1979-04","1.04",,,"74.0"
"RPM00098644","TAGBILARAN, RP","1979-05","0.48",,,
"RPM00098644","TAGBILARAN, RP","1979-06","4.11",,,
"RPM00098644","TAGBILARAN, RP","1979-07","4.74","83.0","89.5","76.5"
"RPM00098644","TAGBILARAN, RP","1979-08","1.62",,,
"RPM00098644","TAGBILARAN, RP","1979-09","3.45",,,"75.7"
"RPM00098644","TAGBILARAN, RP","1979-10","4.39","82.5","89.9","75.2"
"RPM00098644","TAGBILARAN, RP","1979-11","4.14","81.9","89.5","74.4"
"RPM00098644","TAGBILARAN, RP","1979-12","2.76",,"87.5",
"RPM00098644","TAGBILARAN, RP","1980-01","3.80",,"86.8",
"RPM00098644","TAGBILARAN, RP","1980-02","1.53",,"88.0",
"RPM00098644","TAGBILARAN, RP","1980-03","0.33",,"90.3",
"RPM00098644","TAGBILARAN, RP","1980-10","5.15",,,
"RPM00098644","TAGBILARAN, RP","1980-12","2.64","80.7","87.7","73.7"
"RPM00098644","TAGBILARAN, RP","1981-01","2.70",,,
"RPM00098644","TAGBILARAN, RP","1981-08","2.24",,,"76.7"
"RPM00098644","TAGBILARAN, RP","1981-09",,"83.0","90.6","75.3"
"RPM00098644","TAGBILARAN, RP","1981-10","5.46","82.1","90.0","74.3"
"RPM00098644","TAGBILARAN, RP","1981-11","5.20",,,
"RPM00098644","TAGBILARAN, RP","1981-12","3.57",,,
"RPM00098644","TAGBILARAN, RP","1982-08","0.52",,,
"RPM00098644","TAGBILARAN, RP","1982-10","0.01",,,
"RPM00098644","TAGBILARAN, RP","1983-03","0.00",,,
"RPM00098644","TAGBILARAN, RP","1983-04","0.00",,,
"RPM00098644","TAGBILARAN, RP","1983-05","0.00",,,
"RPM00098644","TAGBILARAN, RP","1983-07","3.44",,,
"RPM00098644","TAGBILARAN, RP","1983-08",,,"90.8",
"RPM00098644","TAGBILARAN, RP","1983-09","1.99",,,
"RPM00098644","TAGBILARAN, RP","1983-10","2.14",,,
"RPM00098644","TAGBILARAN, RP","1984-03","0.76",,,
"RPM00098644","TAGBILARAN, RP","1984-04","0.86",,,
"RPM00098644","TAGBILARAN, RP","1984-05","1.00",,,
"RPM00098644","TAGBILARAN, RP","1984-07","1.89",,,
"RPM00098644","TAGBILARAN, RP","1986-10","1.92",,,
"RPM00098644","TAGBILARAN, RP","1986-12","1.25",,,
"RPM00098644","TAGBILARAN, RP","1988-04","0.36",,,
"RPM00098644","TAGBILARAN, RP","1988-05","0.98",,,
"RPM00098644","TAGBILARAN, RP","1988-08","1.63",,,
"RPM00098644","TAGBILARAN, RP","1988-11","5.57",,,
"RPM00098644","TAGBILARAN, RP","1989-05","3.52",,,
"RPM00098644","TAGBILARAN, RP","1989-06","2.34",,,
"RPM00098644","TAGBILARAN, RP","1989-07","9.52",,,
"RPM00098644","TAGBILARAN, RP","1989-08","3.26",,,
"RPM00098644","TAGBILARAN, RP","1989-09","2.95",,,
"RPM00098644","TAGBILARAN, RP","1989-10","3.76",,,
"RPM00098644","TAGBILARAN, RP","1989-11","5.50",,,
"RPM00098644","TAGBILARAN, RP","1989-12","1.57",,"88.8",
"RPM00098644","TAGBILARAN, RP","1990-05","4.73",,,
"RPM00098644","TAGBILARAN, RP","1990-06","2.10",,,
"RPM00098644","TAGBILARAN, RP","1990-07","1.57",,,
"RPM00098644","TAGBILARAN, RP","1990-08","4.17",,,
"RPM00098644","TAGBILARAN, RP","1990-09","3.45",,,
"RPM00098644","TAGBILARAN, RP","1990-10","4.33",,,
"RPM00098644","TAGBILARAN, RP","1990-11","10.72",,,
"RPM00098644","TAGBILARAN, RP","1990-12","2.08",,,
"RPM00098644","TAGBILARAN, RP","1991-01","1.71",,,
"RPM00098644","TAGBILARAN, RP","1991-02","1.68",,,
"RPM00098644","TAGBILARAN, RP","1991-03","0.96",,,
"RPM00098644","TAGBILARAN, RP","1991-04","3.22",,,
"RPM00098644","TAGBILARAN, RP","1991-05","4.37",,,
"RPM00098644","TAGBILARAN, RP","1991-06","5.78",,,
"RPM00098644","TAGBILARAN, RP","1991-07","3.63",,,
"RPM00098644","TAGBILARAN, RP","1991-08","7.68",,,
"RPM00098644","TAGBILARAN, RP","1991-09","2.90",,,
"RPM00098644","TAGBILARAN, RP","1991-10","2.70",,,
"RPM00098644","TAGBILARAN, RP","1991-11","2.54",,,
"RPM00098644","TAGBILARAN, RP","1991-12","0.67",,,
"RPM00098644","TAGBILARAN, RP","1992-01","1.90",,,
"RPM00098644","TAGBILARAN, RP","1992-08","2.72",,"93.6",
"RPM00098644","TAGBILARAN, RP","1992-09","3.02",,,
"RPM00098644","TAGBILARAN, RP","1992-10","3.55",,"91.5",
"RPM00098644","TAGBILARAN, RP","1992-11","6.51",,"89.4",
"RPM00098644","TAGBILARAN, RP","1992-12","2.74",,"88.7",
"RPM00098644","TAGBILARAN, RP","1993-01","0.94",,,
"RPM00098644","TAGBILARAN, RP","1993-02","5.83",,"86.8",
"RPM00098644","TAGBILARAN, RP","1993-03","2.17",,,
"RPM00098644","TAGBILARAN, RP","1993-04","6.81",,,
"RPM00098644","TAGBILARAN, RP","1993-05","2.65","83.3","92.2","74.4"
"RPM00098644","TAGBILARAN, RP","1993-06","2.96","84.1","92.5","75.6"
"RPM00098644","TAGBILARAN, RP","1993-07","3.71",,"90.3",
"RPM00098644","TAGBILARAN, RP","1993-08","4.14",,"89.9",
"RPM00098644","TAGBILARAN, RP","1993-09","7.13",,"91.7",
"RPM00098644","TAGBILARAN, RP","1993-10","4.25",,"91.2",
"RPM00098644","TAGBILARAN, RP","1993-11","4.77",,"89.8",
"RPM00098644","TAGBILARAN, RP","1993-12","12.22",,"88.2",
"RPM00098644","TAGBILARAN, RP","1994-01","2.48",,"88.3",
"RPM00098644","TAGBILARAN, RP","1994-02","1.58",,"89.7",
"RPM00098644","TAGBILARAN, RP","1994-03","5.63",,"91.5",
"RPM00098644","TAGBILARAN, RP","1994-04","7.98","82.5","90.8","74.3"
"RPM00098644","TAGBILARAN, RP","1994-05","3.18",,,
"RPM00098644","TAGBILARAN, RP","1994-06","10.51",,"90.0",
"RPM00098644","TAGBILARAN, RP","1994-07","4.99",,"91.7",
"RPM00098644","TAGBILARAN, RP","1994-08","5.10",,"93.3",
"RPM00098644","TAGBILARAN, RP","1994-09","1.93",,"90.8",
"RPM00098644","TAGBILARAN, RP","1994-10","8.29",,"90.2",
"RPM00098644","TAGBILARAN, RP","1994-11","4.65",,"89.1",
"RPM00098644","TAGBILARAN, RP","1994-12","3.43",,,
"RPM00098644","TAGBILARAN, RP","1995-01","2.80",,"87.7",
"RPM00098644","TAGBILARAN, RP","1995-02","0.43",,"88.8",
"RPM00098644","TAGBILARAN, RP","1995-03","4.70",,,
"RPM00098644","TAGBILARAN, RP","1995-04","1.85",,"91.8",
"RPM00098644","TAGBILARAN, RP","1995-05","0.73",,,
"RPM00098644","TAGBILARAN, RP","1995-06","0.81",,,
"RPM00098644","TAGBILARAN, RP","1995-07","5.93",,,
"RPM00098644","TAGBILARAN, RP","1995-08","3.15",,,"75.2"
"RPM00098644","TAGBILARAN, RP","1995-09","5.83",,,
"RPM00098644","TAGBILARAN, RP","1995-10","7.35",,,
"RPM00098644","TAGBILARAN, RP","1995-11","5.57",,"89.4",
"RPM00098644","TAGBILARAN, RP","1995-12","12.12",,,
"RPM00098644","TAGBILARAN, RP","1996-01","5.95",,,
"RPM00098644","TAGBILARAN, RP","1996-05","4.24",,,
"RPM00098644","TAGBILARAN, RP","1996-06","7.00",,"90.5",
"RPM00098644","TAGBILARAN, RP","1996-07","4.04",,"90.4",
"RPM00098644","TAGBILARAN, RP","1996-08","3.55",,"91.3",
"RPM00098644","TAGBILARAN, RP","1996-09","4.89","83.6","91.3","76.0"
"RPM00098644","TAGBILARAN, RP","1996-10","4.51",,,
"RPM00098644","TAGBILARAN, RP","1996-11","7.69",,,
"RPM00098644","TAGBILARAN, RP","1996-12","16.55",,"87.8",
"RPM00098644","TAGBILARAN, RP","1997-01","2.64",,,
"RPM00098644","TAGBILARAN, RP","1997-02","3.97",,,
"RPM00098644","TAGBILARAN, RP","1997-03","2.80",,"88.3",
"RPM00098644","TAGBILARAN, RP","1997-04","0.77",,"93.0",
"RPM00098644","TAGBILARAN, RP","1997-05","0.98",,"93.6",
"RPM00098644","TAGBILARAN, RP","1997-06","1.38",,,
"RPM00098644","TAGBILARAN, RP","1997-07","11.32",,,
"RPM00098644","TAGBILARAN, RP","1997-08","2.11",,"91.3",
"RPM00098644","TAGBILARAN, RP","1998-01","1.15",,,
"RPM00098644","TAGBILARAN, RP","1998-02","0.02",,"92.3",
"RPM00098644","TAGBILARAN, RP","1998-03","0.21",,"92.9",
"RPM00098644","TAGBILARAN, RP","1998-04",,,"94.3",
"RPM00098644","TAGBILARAN, RP","1998-05","0.40",,"94.4",
"RPM00098644","TAGBILARAN, RP","1998-07","2.82",,,
"RPM00098644","TAGBILARAN, RP","1998-08","3.50",,,
"RPM00098644","TAGBILARAN, RP","1998-09","1.32",,,
"RPM00098644","TAGBILARAN, RP","1998-10","6.92",,"90.8",
"RPM00098644","TAGBILARAN, RP","1998-12","2.25",,"89.7",
"RPM00098644","TAGBILARAN, RP","1999-02",,,"87.6",
"RPM00098644","TAGBILARAN, RP","1999-03",,,,"75.2"
"RPM00098644","TAGBILARAN, RP","1999-06",,,"88.7",
"RPM00098644","TAGBILARAN, RP","1999-07",,,"89.0",
"RPM00098644","TAGBILARAN, RP","1999-10","6.11",,,
"RPM00098644","TAGBILARAN, RP","1999-11","5.93",,"87.7",
"RPM00098644","TAGBILARAN, RP","2000-02","7.82",,,
"RPM00098644","TAGBILARAN, RP","2000-06",,,,"75.7"
"RPM00098644","TAGBILARAN, RP","2000-12","8.31",,,
"RPM00098644","TAGBILARAN, RP","2001-02",,,,"74.1"
"RPM00098644","TAGBILARAN, RP","2001-06","7.72",,,
"RPM00098644","TAGBILARAN, RP","2002-01",,,"89.0",
"RPM00098644","TAGBILARAN, RP","2002-02",,,"89.1",
"RPM00098644","TAGBILARAN, RP","2002-03",,"81.4","89.8","73.0"
"RPM00098644","TAGBILARAN, RP","2002-04",,,"91.7",
"RPM00098644","TAGBILARAN, RP","2002-05",,"84.4","92.2","76.6"
"RPM00098644","TAGBILARAN, RP","2002-06",,"83.2","90.4","76.0"
"RPM00098644","TAGBILARAN, RP","2002-07",,"84.2","91.3","77.1"
"RPM00098644","TAGBILARAN, RP","2002-08",,,"90.0",
"RPM00098644","TAGBILARAN, RP","2002-09","2.38","83.5","91.0","76.0"
"RPM00098644","TAGBILARAN, RP","2002-10","4.63","83.0","90.9","75.1"
"RPM00098644","TAGBILARAN, RP","2002-11","5.80",,,"74.5"
"RPM00098644","TAGBILARAN, RP","2002-12","2.67",,,
"RPM00098644","TAGBILARAN, RP","2003-01","3.11",,,
"RPM00098644","TAGBILARAN, RP","2003-02","1.80",,,
"RPM00098644","TAGBILARAN, RP","2003-04","1.02",,"94.3",
"RPM00098644","TAGBILARAN, RP","2003-05","10.76",,,
"RPM00098644","TAGBILARAN, RP","2003-06","7.35",,,
"RPM00098644","TAGBILARAN, RP","2003-07","8.67",,,"75.7"
"RPM00098644","TAGBILARAN, RP","2003-10","10.55",,,
"RPM00098644","TAGBILARAN, RP","2003-11","4.22",,,
"RPM00098644","TAGBILARAN, RP","2004-01","1.97",,,
"RPM00098644","TAGBILARAN, RP","2004-02","3.91",,,
"RPM00098644","TAGBILARAN, RP","2004-03","3.52",,"89.3",
"RPM00098644","TAGBILARAN, RP","2004-04","0.39",,,
"RPM00098644","TAGBILARAN, RP","2004-05","6.33",,,"76.3"
"RPM00098644","TAGBILARAN, RP","2004-06","6.06",,,
"RPM00098644","TAGBILARAN, RP","2004-07","5.06",,,
"RPM00098644","TAGBILARAN, RP","2004-09","4.15",,,
"RPM00098644","TAGBILARAN, RP","2004-10","4.03",,,
"RPM00098644","TAGBILARAN, RP","2004-11","4.39",,,
"RPM00098644","TAGBILARAN, RP","2004-12","2.95",,,"75.0"
"RPM00098644","TAGBILARAN, RP","2005-01","0.45",,,
"RPM00098644","TAGBILARAN, RP","2005-02","0.78",,,
"RPM00098644","TAGBILARAN, RP","2005-03","3.36",,,
"RPM00098644","TAGBILARAN, RP","2005-04","2.38",,,
"RPM00098644","TAGBILARAN, RP","2005-05","1.66",,,
"RPM00098644","TAGBILARAN, RP","2005-06","2.00",,,
"RPM00098644","TAGBILARAN, RP","2005-07",,,,"76.6"
"RPM00098644","TAGBILARAN, RP","2005-11","7.83",,,"74.8"
"RPM00098644","TAGBILARAN, RP","2005-12","14.24",,,
"RPM00098644","TAGBILARAN, RP","2006-01","3.69",,,
"RPM00098644","TAGBILARAN, RP","2006-05",,,"91.8",
"RPM00098644","TAGBILARAN, RP","2006-07",,,"91.3",
"RPM00098644","TAGBILARAN, RP","2006-11","8.85",,,
"RPM00098644","TAGBILARAN, RP","2007-01",,"80.9","87.9","73.8"
"RPM00098644","TAGBILARAN, RP","2007-02",,,"90.0",
"RPM00098644","TAGBILARAN, RP","2007-03",,,"91.8",
"RPM00098644","TAGBILARAN, RP","2007-04",,,"93.4",
"RPM00098644","TAGBILARAN, RP","2007-05",,,"92.7",
"RPM00098644","TAGBILARAN, RP","2007-06",,"84.0","91.8","76.2"
"RPM00098644","TAGBILARAN, RP","2007-07",,,"90.4",
"RPM00098644","TAGBILARAN, RP","2007-08",,"84.9","92.6","77.2"
"RPM00098644","TAGBILARAN, RP","2007-09",,"83.7","91.0","76.4"
"RPM00098644","TAGBILARAN, RP","2007-10",,"83.3","90.9","75.6"
"RPM00098644","TAGBILARAN, RP","2007-11",,"82.0","89.0","75.0"
"RPM00098644","TAGBILARAN, RP","2008-01",,"80.5","87.6","73.4"
"RPM00098644","TAGBILARAN, RP","2008-02",,"80.8","88.0","73.6"
"RPM00098644","TAGBILARAN, RP","2008-03",,"81.5","89.3","73.8"
"RPM00098644","TAGBILARAN, RP","2008-04",,"82.9","91.0","74.8"
"RPM00098644","TAGBILARAN, RP","2008-05",,"83.1","90.5","75.7"
"RPM00098644","TAGBILARAN, RP","2008-06",,,"90.3",
"RPM00098644","TAGBILARAN, RP","2008-07",,,"90.5",
"RPM00098644","TAGBILARAN, RP","2008-08",,"83.3","91.1","75.6"
"RPM00098644","TAGBILARAN, RP","2008-09",,,"91.6",
"RPM00098644","TAGBILARAN, RP","2008-10",,"82.9","90.8","75.1"
"RPM00098644","TAGBILARAN, RP","2008-11",,"82.7","90.5","75.0"
"RPM00098644","TAGBILARAN, RP","2008-12","4.85","81.5","88.5","74.5"
"RPM00098644","TAGBILARAN, RP","2009-01",,"81.0","88.2","73.7"
"RPM00098644","TAGBILARAN, RP","2009-02","7.15","81.0","88.0","73.9"
"RPM00098644","TAGBILARAN, RP","2009-03",,"82.0","90.4","73.5"
"RPM00098644","TAGBILARAN, RP","2009-04",,"83.4","91.5","75.4"
"RPM00098644","TAGBILARAN, RP","2009-05",,"84.2","91.9","76.4"
"RPM00098644","TAGBILARAN, RP","2009-06",,"83.8","91.4","76.2"
"RPM00098644","TAGBILARAN, RP","2009-07",,"83.3","90.2","76.4"
"RPM00098644","TAGBILARAN, RP","2009-08",,"85.9","93.6","78.2"
"RPM00098644","TAGBILARAN, RP","2009-09",,"84.8","92.5","77.2"
"RPM00098644","TAGBILARAN, RP","2009-10",,"84.5","92.4","76.5"
"RPM00098644","TAGBILARAN, RP","2009-11",,"82.4","90.3","74.5"
"RPM00098644","TAGBILARAN, RP","2009-12",,"81.6","89.6","73.5"
"RPM00098644","TAGBILARAN, RP","2010-01",,"80.8","88.2","73.3"
"RPM00098644","TAGBILARAN, RP","2010-02",,,"90.9",
"RPM00098644","TAGBILARAN, RP","2010-03",,"83.7","92.7","74.8"
"RPM00098644","TAGBILARAN, RP","2010-04",,"83.9","92.3","75.5"
"RPM00098644","TAGBILARAN, RP","2010-05",,"85.4","94.0","76.8"
"RPM00098644","TAGBILARAN, RP","2010-06",,"84.9","93.0","76.7"
"RPM00098644","TAGBILARAN, RP","2010-07",,"84.0","91.9","76.2"
"RPM00098644","TAGBILARAN, RP","2010-08",,"83.5","91.2","75.8"
"RPM00098644","TAGBILARAN, RP","2010-09",,"83.4","91.8","75.0"
"RPM00098644","TAGBILARAN, RP","2010-11",,,"90.4",
"RPM00098644","TAGBILARAN, RP","2010-12",,"83.0","90.8","75.2"
"RPM00098644","TAGBILARAN, RP","2011-01","11.25",,"86.0",
"RPM00098644","TAGBILARAN, RP","2011-02",,"80.9","88.0","73.8"
"RPM00098644","TAGBILARAN, RP","2011-03","8.68",,"89.2",
"RPM00098644","TAGBILARAN, RP","2011-04",,,"90.6",
"RPM00098644","TAGBILARAN, RP","2011-05","4.30",,"90.2",
"RPM00098644","TAGBILARAN, RP","2011-06",,,"90.3",
"RPM00098644","TAGBILARAN, RP","2011-07",,,"90.9",
"RPM00098644","TAGBILARAN, RP","2011-08",,"84.1","91.7","76.4"
"RPM00098644","TAGBILARAN, RP","2011-09",,"84.4","92.3","76.6"
"RPM00098644","TAGBILARAN, RP","2011-10",,"83.3","91.1","75.5"
"RPM00098644","TAGBILARAN, RP","2011-11",,"83.6","91.7","75.5"
"RPM00098644","TAGBILARAN, RP","2011-12","6.63","81.9","89.3","74.6"
"RPM00098644","TAGBILARAN, RP","2012-01","5.07","81.8","89.2","74.3"
"RPM00098644","TAGBILARAN, RP","2012-02",,"81.9","89.3","74.4"
"RPM00098644","TAGBILARAN, RP","2012-03",,,"90.5",
"RPM00098644","TAGBILARAN, RP","2012-04",,,"91.4",
"RPM00098644","TAGBILARAN, RP","2012-05",,,"92.7",
"RPM00098644","TAGBILARAN, RP","2012-06",,,"92.8",
"RPM00098644","TAGBILARAN, RP","2012-07",,,"90.3",
"RPM00098644","TAGBILARAN, RP","2012-08",,,"95.4",
"RPM00098644","TAGBILARAN, RP","2012-09","9.04",,"91.2",
"RPM00098644","TAGBILARAN, RP","2012-10",,,"91.0",
"RPM00098644","TAGBILARAN, RP","2012-11",,"82.9","91.0","74.8"
"RPM00098644","TAGBILARAN, RP","2012-12",,,"90.4",
"RPM00098644","TAGBILARAN, RP","2013-01",,,"87.7",
"RPM00098644","TAGBILARAN, RP","2013-02","4.92","81.9","89.4","74.4"
"RPM00098644","TAGBILARAN, RP","2013-03",,,"91.8",
"RPM00098644","TAGBILARAN, RP","2013-05",,"84.2","91.4","77.0"
"RPM00098644","TAGBILARAN, RP","2013-06",,"82.9","89.1","76.6"
"RPM00098644","TAGBILARAN, RP","2013-07",,,"87.9",
"RPM00098644","TAGBILARAN, RP","2013-08",,,"87.3",
"RPM00098644","TAGBILARAN, RP","2013-09",,,"89.1",
"RPM00098644","TAGBILARAN, RP","2013-10",,,"89.1",
"RPM00098644","TAGBILARAN, RP","2013-11",,,"87.7",
"RPM00098644","TAGBILARAN, RP","2013-12",,,"88.3",
"RPM00098644","TAGBILARAN, RP","2015-01",,,"85.9",
"RPM00098644","TAGBILARAN, RP","2015-02",,,"88.1",
"RPM00098644","TAGBILARAN, RP","2015-03",,,"88.3",
"RPM00098644","TAGBILARAN, RP","2015-05",,,"91.4",
"RPM00098644","TAGBILARAN, RP","2015-06",,,"89.1",
"RPM00098644","TAGBILARAN, RP","2015-07",,,"88.6",
"RPM00098644","TAGBILARAN, RP","2015-08",,,"88.6",
"RPM00098644","TAGBILARAN, RP","2015-09",,,"88.3",
"RPM00098644","TAGBILARAN, RP","2015-10",,,"88.1",
"RPM00098644","TAGBILARAN, RP","2015-11",,,"88.6",
"RPM00098644","TAGBILARAN, RP","2015-12",,,"87.7",
"RPM00098644","TAGBILARAN, RP","2016-01",,,"87.8",
"RPM00098644","TAGBILARAN, RP","2016-02",,,"87.6",
"RPM00098644","TAGBILARAN, RP","2016-03",,,"90.0",
"RPM00098644","TAGBILARAN, RP","2016-04",,,"91.6",
"RPM00098644","TAGBILARAN, RP","2016-05",,,"92.0",
"RPM00098644","TAGBILARAN, RP","2016-06",,,"89.2",
"RPM00098644","TAGBILARAN, RP","2016-07",,,"89.5",
"RPM00098644","TAGBILARAN, RP","2016-08",,,"89.7",
"RPM00098644","TAGBILARAN, RP","2016-09",,,"89.0",
"RPM00098644","TAGBILARAN, RP","2016-10",,,"88.6",
"RPM00098644","TAGBILARAN, RP","2016-11",,,"87.7",
"RPM00098644","TAGBILARAN, RP","2016-12",,,"87.9",
"RPM00098644","TAGBILARAN, RP","2017-01",,,"85.8",
"RPM00098644","TAGBILARAN, RP","2017-02",,,"85.8",
"RPM00098644","TAGBILARAN, RP","2017-03",,,"86.7",
"RPM00098644","TAGBILARAN, RP","2017-04",,,"87.9",
"RPM00098644","TAGBILARAN, RP","2017-05",,,"89.5",
"RPM00098644","TAGBILARAN, RP","2017-06",,,"89.5",
"RPM00098644","TAGBILARAN, RP","2017-07","6.57",,"87.9",
"RPM00098644","TAGBILARAN, RP","2017-08",,,"88.8",
"RPM00098644","TAGBILARAN, RP","2017-09",,,"88.3",
"RPM00098644","TAGBILARAN, RP","2017-10",,,"87.8",
"RPM00098644","TAGBILARAN, RP","2017-11",,,"88.9",
"RPM00098644","TAGBILARAN, RP","2017-12",,,"87.4",
"RPM00098644","TAGBILARAN, RP","2018-01",,,"86.1",
"RPM00098644","TAGBILARAN, RP","2018-02",,,"87.0",
"RPM00098644","TAGBILARAN, RP","2018-03",,,"87.7",
"RPM00098644","TAGBILARAN, RP","2018-04",,,"89.9",
"RPM00098644","TAGBILARAN, RP","2018-05",,,"90.2",
"RPM00098644","TAGBILARAN, RP","2018-06",,,"89.4",
"RPM00098644","TAGBILARAN, RP","2018-07",,,"89.6",
"RPM00098644","TAGBILARAN, RP","2018-08",,,"90.4",
"RPM00098644","TAGBILARAN, RP","2018-09",,,"87.7",
"RPM00098644","TAGBILARAN, RP","2018-10",,,"89.6",
"RPM00098644","TAGBILARAN, RP","2018-12",,,"86.9",
"RPM00098644","TAGBILARAN, RP","2019-01",,,"85.7",
"RPM00098644","TAGBILARAN, RP","2019-02",,,"86.0",
"RPM00098644","TAGBILARAN, RP","2019-03",,,"87.3",
"RPM00098644","TAGBILARAN, RP","2019-04",,,"90.1",
"RPM00098644","TAGBILARAN, RP","2019-06",,,"90.2",
"RPM00098644","TAGBILARAN, RP","2019-07","8.41",,"88.4",
"RPM00098644","TAGBILARAN, RP","2019-08",,,"89.3",
"RPM00098644","TAGBILARAN, RP","2019-09",,,"89.4",
"RP000098444","LEGASPI, RP","1951-01","10.20","78.3","84.0","72.7"
"RP000098444","LEGASPI, RP","1951-02","6.02","78.2","84.0","72.5"
"RP000098444","LEGASPI, RP","1951-03","3.46","79.1","85.3","72.9"
"RP000098444","LEGASPI, RP","1951-04","9.72","80.9","86.8","75.0"
"RP000098444","LEGASPI, RP","1951-05","13.94","81.8","87.9","75.6"
"RP000098444","LEGASPI, RP","1951-06","12.72","81.6","88.3","75.0"
"RP000098444","LEGASPI, RP","1951-07","4.92","81.6","88.0","75.1"
"RP000098444","LEGASPI, RP","1951-08","9.21","82.1","88.6","75.5"
"RP000098444","LEGASPI, RP","1951-09","7.64","81.2","87.5","74.8"
"RP000098444","LEGASPI, RP","1951-10","7.44","81.4","88.2","74.6"
"RP000098444","LEGASPI, RP","1951-11","23.31","80.4","85.7","75.0"
"RP000098444","LEGASPI, RP","1951-12","21.34","79.1","84.2","74.1"
"RP000098444","LEGASPI, RP","1952-01","19.69","78.4","83.8","72.9"
"RP000098444","LEGASPI, RP","1952-02","12.20","78.8","84.1","73.4"
"RP000098444","LEGASPI, RP","1952-03","8.50","79.6","85.8","73.5"
"RP000098444","LEGASPI, RP","1952-04","7.32","81.2","87.3","75.0"
"RP000098444","LEGASPI, RP","1952-05","1.81","83.0","88.8","77.2"
"RP000098444","LEGASPI, RP","1952-06","5.28","82.7","89.8","75.6"
"RP000098444","LEGASPI, RP","1952-07","10.35","82.8","89.6","76.0"
"RP000098444","LEGASPI, RP","1952-08","14.21","81.0","86.9","75.1"
"RP000098444","LEGASPI, RP","1952-09","3.66","81.1","88.3","74.0"
"RP000098444","LEGASPI, RP","1952-10","11.02",,,
"RP000098444","LEGASPI, RP","1952-11","11.38",,,
"RP000098444","LEGASPI, RP","1952-12","27.05","78.4","83.6","73.2"
"RP000098444","LEGASPI, RP","1953-01","10.31","78.1","83.8","72.4"
"RP000098444","LEGASPI, RP","1953-02","8.66","78.9","84.5","73.2"
"RP000098444","LEGASPI, RP","1953-03","7.83","80.0","86.1","73.8"
"RP000098444","LEGASPI, RP","1953-04","3.98","81.8","87.9","75.7"
"RP000098444","LEGASPI, RP","1953-05","2.52","83.2","90.8","75.6"
"RP000098444","LEGASPI, RP","1953-06","9.49","81.7","88.1","75.3"
"RP000098444","LEGASPI, RP","1953-07","5.91","81.4","88.7","74.2"
"RP000098444","LEGASPI, RP","1953-08","7.01","81.8","88.4","75.3"
"RP000098444","LEGASPI, RP","1953-09","7.01","81.6","89.9","73.3"
"RP000098444","LEGASPI, RP","1953-10","18.58","81.0","88.3","73.8"
"RP000098444","LEGASPI, RP","1953-11","20.04","80.5","86.7","74.2"
"RP000098444","LEGASPI, RP","1953-12","20.67","78.9","84.7","73.1"
"RP000098444","LEGASPI, RP","1954-01","9.33","78.6","85.3","71.9"
"RP000098444","LEGASPI, RP","1954-02","5.28","79.6","86.5","72.8"
"RP000098444","LEGASPI, RP","1954-03","25.67","79.0","85.0","72.9"
"RP000098444","LEGASPI, RP","1954-04","3.86","81.2","87.5","74.9"
"RP000098444","LEGASPI, RP","1954-05","12.05","81.7","88.4","75.0"
"RP000098444","LEGASPI, RP","1954-06","5.63","82.3","90.5","74.1"
"RP000098444","LEGASPI, RP","1954-07","5.87","81.9","90.9","72.9"
"RP000098444","LEGASPI, RP","1954-08","10.16","81.2","88.6","73.8"
"RP000098444","LEGASPI, RP","1954-09","4.17","81.3","89.2","73.4"
"RP000098444","LEGASPI, RP","1954-10","8.90","80.3","88.7","71.8"
"RP000098444","LEGASPI, RP","1954-11","22.64","79.2","86.4","72.0"
"RP000098444","LEGASPI, RP","1954-12","35.16",,,
"RP000098444","LEGASPI, RP","1955-01","18.54","77.5","82.9","72.1"
"RP000098444","LEGASPI, RP","1955-02","4.45","77.8","84.1","71.6"
"RP000098444","LEGASPI, RP","1955-03","7.24","78.6","85.4","71.9"
"RP000098444","LEGASPI, RP","1955-04","8.94","80.6","87.3","74.0"
"RP000098444","LEGASPI, RP","1955-05","5.43","82.2","89.4","74.9"
"RP000098444","LEGASPI, RP","1955-06","11.89","81.9","89.3","74.6"
"RP000098444","LEGASPI, RP","1955-07","6.77","81.8","89.3","74.4"
"RP000098444","LEGASPI, RP","1955-08","11.02","81.7","89.3","74.2"
"RP000098444","LEGASPI, RP","1955-09","8.43","81.9","89.8","73.9"
"RP000098444","LEGASPI, RP","1955-10","11.89","81.4","89.1","73.7"
"RP000098444","LEGASPI, RP","1955-11","33.70","79.7","85.7","73.7"
"RP000098444","LEGASPI, RP","1955-12","11.18","77.3","82.6","72.0"
"RP000098444","LEGASPI, RP","1956-01","10.51","77.7","83.4","72.0"
"RP000098444","LEGASPI, RP","1956-02","8.70","78.2","84.5","71.9"
"RP000098444","LEGASPI, RP","1956-03","12.87","79.0","84.6","73.4"
"RP000098444","LEGASPI, RP","1956-04","19.76","80.7","86.7","74.6"
"RP000098444","LEGASPI, RP","1956-05","10.24","81.2","87.2","75.2"
"RP000098444","LEGASPI, RP","1956-06","3.43","82.0","88.9","75.2"
"RP000098444","LEGASPI, RP","1956-07","6.93","81.7","89.0","74.5"
"RP000098444","LEGASPI, RP","1956-08","10.39","81.3","88.3","74.4"
"RP000098444","LEGASPI, RP","1956-09","20.35","80.7","87.3","74.1"
"RP000098444","LEGASPI, RP","1956-10","8.46","80.2","86.8","73.5"
"RP000098444","LEGASPI, RP","1956-11","19.45","80.0","86.2","73.8"
"RP000098444","LEGASPI, RP","1956-12","32.83","78.1","82.6","73.6"
"RP000098444","LEGASPI, RP","1957-01","14.41","77.7","82.5","72.8"
"RP000098444","LEGASPI, RP","1957-02","3.94","77.9","83.6","72.1"
"RP000098444","LEGASPI, RP","1957-03","6.69","79.6","85.3","73.9"
"RP000098444","LEGASPI, RP","1957-04","7.60","80.6","86.3","75.0"
"RP000098444","LEGASPI, RP","1957-05","6.42","82.8","90.0","75.6"
"RP000098444","LEGASPI, RP","1957-06","7.80","83.3","90.5","76.2"
"RP000098444","LEGASPI, RP","1957-07","7.64","81.5","87.9","75.1"
"RP000098444","LEGASPI, RP","1957-08","8.74","82.2","89.0","75.4"
"RP000098444","LEGASPI, RP","1957-09","9.45","81.8","88.4","75.2"
"RP000098444","LEGASPI, RP","1957-10","13.23","80.9","87.9","74.0"
"RP000098444","LEGASPI, RP","1957-11","13.07","80.1","86.5","73.8"
"RP000098444","LEGASPI, RP","1957-12","9.69","80.1","85.6","74.6"
"RP000098444","LEGASPI, RP","1958-01","13.50","78.6","84.2","73.1"
"RP000098444","LEGASPI, RP","1958-02","9.37","78.1","84.1","72.1"
"RP000098444","LEGASPI, RP","1958-03","12.32","79.0","84.8","73.3"
"RP000098444","LEGASPI, RP","1958-04","3.11","81.0","87.1","74.9"
"RP000098444","LEGASPI, RP","1958-05","5.75","82.8","89.3","76.3"
"RP000098444","LEGASPI, RP","1958-06","7.95","83.7","91.4","76.1"
"RP000098444","LEGASPI, RP","1958-07","9.33","82.2","88.9","75.5"
"RP000098444","LEGASPI, RP","1958-08","12.60","81.6","88.0","75.1"
"RP000098444","LEGASPI, RP","1958-09","7.40","82.6","89.4","75.7"
"RP000098444","LEGASPI, RP","1958-10","30.39","80.7","86.8","74.7"
"RP000098444","LEGASPI, RP","1958-11","17.09","79.6","85.1","74.2"
"RP000098444","LEGASPI, RP","1958-12","3.82","78.6","84.9","72.4"
"RP000098444","LEGASPI, RP","1959-01","10.04","77.9","83.4","72.4"
"RP000098444","LEGASPI, RP","1959-02","11.50","78.5","84.0","72.9"
"RP000098444","LEGASPI, RP","1959-03","16.18","79.2","85.0","73.5"
"RP000098444","LEGASPI, RP","1959-04","2.95","81.3","88.2","74.5"
"RP000098444","LEGASPI, RP","1959-05","13.39","82.3","88.7","75.8"
"RP000098444","LEGASPI, RP","1959-06","2.87","84.3","91.8","76.9"
"RP000098444","LEGASPI, RP","1959-07","6.30","82.6","90.3","74.9"
"RP000098444","LEGASPI, RP","1959-08","7.68","81.9","88.8","75.1"
"RP000098444","LEGASPI, RP","1959-09","7.01","82.1","89.7","74.5"
"RP000098444","LEGASPI, RP","1959-10","9.72","81.6","88.5","74.8"
"RP000098444","LEGASPI, RP","1959-11","20.08","80.4","86.4","74.4"
"RP000098444","LEGASPI, RP","1959-12","24.17","79.5","84.8","74.3"
"RP000098444","LEGASPI, RP","1960-01","7.72","79.4","84.9","73.9"
"RP000098444","LEGASPI, RP","1960-02","9.92","78.9","84.5","73.3"
"RP000098444","LEGASPI, RP","1960-03","3.35","80.6","86.9","74.4"
"RP000098444","LEGASPI, RP","1960-04","12.20","81.9","88.4","75.4"
"RP000098444","LEGASPI, RP","1960-05","11.73","82.7","88.8","76.5"
"RP000098444","LEGASPI, RP","1960-06","15.63","83.0","90.2","75.7"
"RP000098444","LEGASPI, RP","1960-07","7.68","82.8","89.8","76.0"
"RP000098444","LEGASPI, RP","1960-08","7.80","83.6","90.6","76.6"
"RP000098444","LEGASPI, RP","1960-09","12.20","81.3","88.4","74.2"
"RP000098444","LEGASPI, RP","1960-10","19.09","80.5","87.2","73.9"
"RP000098444","LEGASPI, RP","1960-11","20.31","79.7","85.5","73.9"
"RP000098444","LEGASPI, RP","1960-12","9.37","78.7","84.4","72.9"
"RP000098444","LEGASPI, RP","1961-01","4.02","76.5","81.5","71.6"
"RP000098444","LEGASPI, RP","1961-02","1.97","79.4","85.0","73.7"
"RP000098444","LEGASPI, RP","1961-03","4.69","81.0","87.8","74.2"
"RP000098444","LEGASPI, RP","1961-04","5.16","82.0","88.4","75.7"
"RP000098444","LEGASPI, RP","1961-05","7.09","83.0","90.0","76.0"
"RP000098444","LEGASPI, RP","1961-06","11.18","82.5","89.3","75.7"
"RP000098444","LEGASPI, RP","1961-07","8.19","82.2","89.1","75.2"
"RP000098444","LEGASPI, RP","1961-08","13.62","81.9","88.3","75.6"
"RP000098444","LEGASPI, RP","1961-09","6.38","82.1","89.3","74.9"
"RP000098444","LEGASPI, RP","1961-10","11.89","80.6","88.1","73.0"
"RP000098444","LEGASPI, RP","1961-11","12.60","80.1","85.9","74.3"
"RP000098444","LEGASPI, RP","1961-12","10.79","79.2","84.8","73.7"
"RP000098444","LEGASPI, RP","1962-01","11.10","77.3","82.3","72.2"
"RP000098444","LEGASPI, RP","1962-02","7.20","77.1","82.3","71.8"
"RP000098444","LEGASPI, RP","1962-03","6.50","79.9","85.7","74.1"
"RP000098444","LEGASPI, RP","1962-04","3.66","81.4","88.4","74.5"
"RP000098444","LEGASPI, RP","1962-05","15.98","82.1","88.7","75.6"
"RP000098444","LEGASPI, RP","1962-06","5.63","82.9","91.0","74.9"
"RP000098444","LEGASPI, RP","1962-07","15.55","81.6","87.9","75.3"
"RP000098444","LEGASPI, RP","1962-08","13.58","81.6","88.9","74.3"
"RP000098444","LEGASPI, RP","1962-09","18.23","80.7","87.3","74.1"
"RP000098444","LEGASPI, RP","1962-10","6.93","82.1","89.4","74.8"
"RP000098444","LEGASPI, RP","1962-11","16.14","80.1","86.4","73.7"
"RP000098444","LEGASPI, RP","1962-12","6.85","78.7","84.2","73.3"
"RP000098444","LEGASPI, RP","1963-01","3.39",,,
"RP000098444","LEGASPI, RP","1963-02","6.26","75.8","81.5","70.1"
"RP000098444","LEGASPI, RP","1963-03","1.81","77.8","84.5","71.1"
"RP000098444","LEGASPI, RP","1963-04","1.73","80.2","87.7","72.7"
"RP000098444","LEGASPI, RP","1963-05","5.79","82.3","89.7","74.8"
"RP000098444","LEGASPI, RP","1963-06","15.08","82.7","90.1","75.3"
"RP000098444","LEGASPI, RP","1963-07","9.76","82.6","90.2","75.0"
"RP000098444","LEGASPI, RP","1963-08","18.86","81.8","90.0","73.5"
"RP000098444","LEGASPI, RP","1963-09","4.76","81.8","89.1","74.4"
"RP000098444","LEGASPI, RP","1963-10","5.63","80.8","88.6","73.0"
"RP000098444","LEGASPI, RP","1963-11","16.02","80.5","86.3","74.7"
"RP000098444","LEGASPI, RP","1963-12","14.02","79.3","85.5","73.0"
"RP000098444","LEGASPI, RP","1964-01","12.05","78.7","84.9","72.4"
"RP000098444","LEGASPI, RP","1964-02","10.16","78.3","84.0","72.7"
"RP000098444","LEGASPI, RP","1964-03","3.86","79.5","86.3","72.7"
"RP000098444","LEGASPI, RP","1964-04","17.13","80.6","86.8","74.5"
"RP000098444","LEGASPI, RP","1964-05","6.57","82.7","89.9","75.6"
"RP000098444","LEGASPI, RP","1964-06","5.94","82.8","90.4","75.3"
"RP000098444","LEGASPI, RP","1964-07","9.72","82.7","90.4","74.9"
"RP000098444","LEGASPI, RP","1964-08","10.12","82.8","89.7","75.9"
"RP000098444","LEGASPI, RP","1964-09","11.73","81.9","89.2","74.6"
"RP000098444","LEGASPI, RP","1964-10","8.27","81.3","88.5","74.1"
"RP000098444","LEGASPI, RP","1964-11","14.25","80.9","87.9","73.8"
"RP000098444","LEGASPI, RP","1964-12","25.35","78.6","84.5","72.8"
"RP000098444","LEGASPI, RP","1965-01","12.13","77.2","82.7","71.6"
"RP000098444","LEGASPI, RP","1965-02","7.80","78.7","84.7","72.8"
"RP000098444","LEGASPI, RP","1965-03","9.61","79.1","85.2","72.9"
"RP000098444","LEGASPI, RP","1965-04","6.30","81.0","87.9","74.2"
"RP000098444","LEGASPI, RP","1965-05","7.48","81.8","89.3","74.4"
"RP000098444","LEGASPI, RP","1965-06","12.36","82.4","90.2","74.6"
"RP000098444","LEGASPI, RP","1965-07","18.86","80.8","87.5","74.1"
"RP000098444","LEGASPI, RP","1965-08","12.17","82.2","89.7","74.6"
"RP000098444","LEGASPI, RP","1965-09","10.20","82.0","89.1","74.8"
"RP000098444","LEGASPI, RP","1965-10","12.60","80.6","87.8","73.3"
"RP000098444","LEGASPI, RP","1965-11","19.21","81.0","87.6","74.3"
"RP000098444","LEGASPI, RP","1965-12","21.34","79.5","85.2","73.8"
"RP000098444","LEGASPI, RP","1966-01","23.31","78.4","84.5","72.4"
"RP000098444","LEGASPI, RP","1966-02","4.17","79.4","86.0","72.8"
"RP000098444","LEGASPI, RP","1966-03","6.18","79.7","86.6","72.8"
"RP000098444","LEGASPI, RP","1966-04","3.62","81.9","89.1","74.7"
"RP000098444","LEGASPI, RP","1966-05","8.46","82.6","90.4","74.9"
"RP000098444","LEGASPI, RP","1966-06","6.61","83.1","90.8","75.4"
"RP000098444","LEGASPI, RP","1966-07","16.77","81.8","89.5","74.2"
"RP000098444","LEGASPI, RP","1966-08","8.15","82.9","90.9","74.8"
"RP000098444","LEGASPI, RP","1966-09","10.51","81.9","89.1","74.7"
"RP000098444","LEGASPI, RP","1966-10","15.87","80.9","88.5","73.4"
"RP000098444","LEGASPI, RP","1966-11","17.80","81.3","88.6","74.0"
"RP000098444","LEGASPI, RP","1966-12","32.13","80.1","86.2","74.1"
"RP000098444","LEGASPI, RP","1967-01","19.37","77.7","83.0","72.5"
"RP000098444","LEGASPI, RP","1967-02","5.83","78.0","83.9","72.0"
"RP000098444","LEGASPI, RP","1967-03","8.50","78.9","85.7","72.1"
"RP000098444","LEGASPI, RP","1967-04","5.55","80.8","88.4","73.2"
"RP000098444","LEGASPI, RP","1967-05","1.89","83.5","92.0","75.1"
"RP000098444","LEGASPI, RP","1967-06","4.80","83.2","90.8","75.5"
"RP000098444","LEGASPI, RP","1967-07","5.00","82.3","89.7","75.0"
"RP000098444","LEGASPI, RP","1967-08","15.31","81.3","87.7","74.8"
"RP000098444","LEGASPI, RP","1967-09","7.68","81.5","89.1","73.9"
"RP000098444","LEGASPI, RP","1967-10","8.74","81.0","88.8","73.2"
"RP000098444","LEGASPI, RP","1967-11","28.58",,,
"RP000098444","LEGASPI, RP","1967-12","11.14","77.8","84.1","71.5"
"RP000098444","LEGASPI, RP","1968-01","15.98","77.3","83.5","71.0"
"RP000098444","LEGASPI, RP","1968-02","3.11","77.2","84.9","69.6"
"RP000098444","LEGASPI, RP","1968-03","4.69","79.4","85.9","73.0"
"RP000098444","LEGASPI, RP","1968-04","2.01","81.2","89.3","73.2"
"RP000098444","LEGASPI, RP","1968-05","0.75","84.1","92.8","75.4"
"RP000098444","LEGASPI, RP","1968-06","5.35","84.1","93.7","74.5"
"RP000098444","LEGASPI, RP","1968-07","4.17","83.0","91.2","74.9"
"RP000098444","LEGASPI, RP","1968-08","9.25","82.7","90.4","75.0"
"RP000098444","LEGASPI, RP","1968-09","12.64","82.3","90.5","74.0"
"RP000098444","LEGASPI, RP","1968-10","4.61","80.1","88.5","71.8"
"RP000098444","LEGASPI, RP","1968-11","10.67","78.0","85.5","70.5"
"RP000098444","LEGASPI, RP","1968-12","7.20","78.2","84.6","71.8"
"RP000098444","LEGASPI, RP","1969-01","2.05","78.3","85.4","71.3"
"RP000098444","LEGASPI, RP","1969-02","0.98","77.8","86.0","69.7"
"RP000098444","LEGASPI, RP","1969-03","2.87","80.2","88.3","72.1"
"RP000098444","LEGASPI, RP","1969-04","5.75","81.8","89.2","74.3"
"RP000098444","LEGASPI, RP","1969-05","1.22","84.4","92.9","76.0"
"RP000098444","LEGASPI, RP","1969-06","5.94","84.1","93.5","74.7"
"RP000098444","LEGASPI, RP","1969-07","8.03","82.0","90.3","73.7"
"RP000098444","LEGASPI, RP","1969-08","6.65","81.0","89.2","72.9"
"RP000098444","LEGASPI, RP","1969-09","17.56","80.8","88.6","72.9"
"RP000098444","LEGASPI, RP","1969-10","6.22","80.0","88.9","71.2"
"RP000098444","LEGASPI, RP","1969-11","13.11","79.1","87.0","71.1"
"RP000098444","LEGASPI, RP","1969-12","21.38","78.3","85.1","71.5"
"RP000098444","LEGASPI, RP","1970-01","10.59","77.8","85.1","70.5"
"RP000098444","LEGASPI, RP","1970-02","11.97","78.3","85.7","70.9"
"RP000098444","LEGASPI, RP","1970-03","11.57","80.2","88.2","72.2"
"RP000098444","LEGASPI, RP","1970-04","6.81","81.3","89.6","73.1"
"RP000098444","LEGASPI, RP","1970-05","5.43","83.4","92.6","74.2"
"RP000098444","LEGASPI, RP","1970-06","8.07","82.7","91.7","73.6"
"RP000098444","LEGASPI, RP","1970-07","14.09","82.5","91.3","73.6"
"RP000098444","LEGASPI, RP","1970-08","16.77","81.4","89.3","73.5"
"RP000098444","LEGASPI, RP","1970-09","8.66","81.6","89.9","73.4"
"RP000098444","LEGASPI, RP","1970-10","21.34","80.9","88.1","73.7"
"RP000098444","LEGASPI, RP","1970-11","29.92","80.5","87.5","73.5"
"RP000098444","LEGASPI, RP","1970-12","22.01","80.1","86.4","73.8"
"RP000098444","LEGASPI, RP","1971-01","15.55","76.5","83.0","70.1"
"RP000098444","LEGASPI, RP","1971-02","12.13","77.1","83.3","70.9"
"RP000098444","LEGASPI, RP","1971-03","16.65","77.3","84.3","70.3"
"RP000098444","LEGASPI, RP","1971-04","5.43","80.3","88.4","72.3"
"RP000098444","LEGASPI, RP","1971-05","16.14","81.5","89.5","73.5"
"RP000098444","LEGASPI, RP","1971-06","7.52","79.2","87.9","70.6"
"RP000098444","LEGASPI, RP","1971-07","15.55","78.7","87.3","70.1"
"RP000098444","LEGASPI, RP","1971-08","6.77","79.9","88.7","71.0"
"RP000098444","LEGASPI, RP","1971-09","6.89","80.7","89.4","72.0"
"RP000098444","LEGASPI, RP","1971-10","18.70","79.1","86.7","71.5"
"RP000098444","LEGASPI, RP","1971-11","12.72","78.1","85.9","70.3"
"RP000098444","LEGASPI, RP","1971-12","32.99","78.0","84.0","72.0"
"RP000098444","LEGASPI, RP","1972-01","26.02","76.8","82.6","71.0"
"RP000098444","LEGASPI, RP","1972-02","5.20","78.7","85.4","71.9"
"RP000098444","LEGASPI, RP","1972-03","10.59","76.5","84.1","68.9"
"RP000098444","LEGASPI, RP","1972-04","3.86","78.3","86.5","70.1"
"RP000098444","LEGASPI, RP","1972-05","6.02","80.1","89.0","71.3"
"RP000098444","LEGASPI, RP","1972-06","15.47","81.5","89.9","73.1"
"RP000098444","LEGASPI, RP","1972-07","6.85","81.7","88.5","75.0"
"RP000098444","LEGASPI, RP","1972-08","11.81","80.9","88.6","73.3"
"RP000098444","LEGASPI, RP","1972-09","8.94","80.3","88.3","72.3"
"RP000098444","LEGASPI, RP","1972-10","7.28","80.6","89.3","71.9"
"RP000098444","LEGASPI, RP","1972-11","24.17","79.5","86.0","73.0"
"RP000098444","LEGASPI, RP","1972-12","14.76","79.4","86.0","72.8"
"RP000098444","LEGASPI, RP","1973-01","6.69","77.4","84.5","70.4"
"RP000098444","LEGASPI, RP","1973-02","3.98","77.5","84.2","70.9"
"RP000098444","LEGASPI, RP","1973-03","3.23","79.2","86.5","71.8"
"RP000098444","LEGASPI, RP","1973-04","4.33","81.3","88.1","74.5"
"RP000098444","LEGASPI, RP","1973-05","3.90","83.4","90.7","76.2"
"RP000098444","LEGASPI, RP","1973-06","7.24","83.7","91.5","75.9"
"RP000098444","LEGASPI, RP","1973-07","12.64","82.3","89.9","74.7"
"RP000098444","LEGASPI, RP","1973-08","12.52","81.6","88.9","74.3"
"RP000098444","LEGASPI, RP","1973-09","7.36","81.1","88.2","74.0"
"RP000098444","LEGASPI, RP","1973-10","20.16","80.9","87.1","74.7"
"RP000098444","LEGASPI, RP","1973-11","30.51","81.2","87.3","75.0"
"RP000098444","LEGASPI, RP","1973-12","38.46","78.3","83.2","73.4"
"RP000098444","LEGASPI, RP","1974-01","9.41","76.8","82.5","71.1"
"RP000098444","LEGASPI, RP","1974-02","14.61","77.9","83.7","72.1"
"RP000098444","LEGASPI, RP","1974-03","3.74","78.7","85.2","72.3"
"RP000098444","LEGASPI, RP","1974-04","2.56","81.3","88.4","74.2"
"RP000098444","LEGASPI, RP","1974-05","10.20","82.5","89.7","75.5"
"RP000098444","LEGASPI, RP","1974-06","20.43","82.4","89.9","74.9"
"RP000098444","LEGASPI, RP","1974-07","17.24","81.4","88.6","74.3"
"RP000098444","LEGASPI, RP","1974-08","6.42","82.4","89.3","75.6"
"RP000098444","LEGASPI, RP","1974-09","3.03","83.1","91.9","74.3"
"RP000098444","LEGASPI, RP","1974-10","18.15","80.5","87.6","73.4"
"RP000098444","LEGASPI, RP","1974-11","22.24","79.1","85.3","72.9"
"RP000098444","LEGASPI, RP","1974-12","20.43","78.3","83.7","72.9"
"RP000098444","LEGASPI, RP","1975-01","14.17","76.3","83.1","69.5"
"RP000098444","LEGASPI, RP","1975-02","8.27","76.5","84.1","68.8"
"RP000098444","LEGASPI, RP","1975-03","4.88","78.1","86.4","69.7"
"RP000098444","LEGASPI, RP","1975-04","17.24","79.7","86.6","72.9"
"RP000098444","LEGASPI, RP","1975-05","5.31","82.4","89.4","75.3"
"RP000098444","LEGASPI, RP","1975-06","6.30","81.9","89.4","74.4"
"RP000098444","LEGASPI, RP","1975-07","7.83","81.1","89.3","73.0"
"RP000098444","LEGASPI, RP","1975-08","9.02","81.2","88.2","74.3"
"RP000098444","LEGASPI, RP","1975-09","12.64","80.5","88.1","73.0"
"RP000098444","LEGASPI, RP","1975-10","5.59","80.7","88.4","72.9"
"RP000098444","LEGASPI, RP","1975-11","14.65","79.5","85.9","73.1"
"RP000098444","LEGASPI, RP","1975-12","61.02","77.6","82.7","72.4"
"RP000098444","LEGASPI, RP","1976-01","26.38","76.1","80.6","71.5"
"RP000098444","LEGASPI, RP","1976-02","6.38","76.6","82.4","70.8"
"RP000098444","LEGASPI, RP","1976-03","9.92","78.7","84.3","73.3"
"RP000098444","LEGASPI, RP","1976-04","4.21","80.5","86.9","74.0"
"RP000098444","LEGASPI, RP","1976-05","16.65","80.9","87.0","74.7"
"RP000098444","LEGASPI, RP","1976-06","8.31","81.2","87.3","75.0"
"RP000098444","LEGASPI, RP","1976-07","6.22","81.5","88.2","74.9"
"RP000098444","LEGASPI, RP","1976-08","15.43","80.3","86.8","73.8"
"RP000098444","LEGASPI, RP","1976-09","8.58","81.3","88.3","74.3"
"RP000098444","LEGASPI, RP","1976-10","11.65","81.5","88.1","74.9"
"RP000098444","LEGASPI, RP","1976-11","16.18","80.0","86.6","73.4"
"RP000098444","LEGASPI, RP","1976-12","33.35","78.7","83.7","73.7"
"RP000098444","LEGASPI, RP","1977-01","9.53","79.1","85.3","73.0"
"RP000098444","LEGASPI, RP","1977-02","8.66","77.4","82.9","71.9"
"RP000098444","LEGASPI, RP","1977-03","5.59","78.8","85.0","72.7"
"RP000098444","LEGASPI, RP","1977-04","4.53","80.7","87.1","74.4"
"RP000098444","LEGASPI, RP","1977-05","9.65","82.7","90.0","75.5"
"RP000098444","LEGASPI, RP","1977-06","4.29","83.1","90.4","75.8"
"RP000098444","LEGASPI, RP","1977-07","15.00","81.5","89.3","73.8"
"RP000098444","LEGASPI, RP","1977-08","9.21","82.8","90.4","75.2"
"RP000098444","LEGASPI, RP","1977-09","15.51","80.8","86.8","74.8"
"RP000098444","LEGASPI, RP","1977-10","8.70","81.0","88.2","73.9"
"RP000098444","LEGASPI, RP","1977-11","25.94","79.5","85.1","73.9"
"RP000098444","LEGASPI, RP","1977-12","7.05","78.8","85.0","72.5"
"RP000098444","LEGASPI, RP","1978-01","2.24","77.6","83.6","71.5"
"RP000098444","LEGASPI, RP","1978-02","3.58","77.8","84.5","71.2"
"RP000098444","LEGASPI, RP","1978-03","6.02","79.9","86.4","73.3"
"RP000098444","LEGASPI, RP","1978-04","4.96","81.5","88.2","74.8"
"RP000098444","LEGASPI, RP","1978-05","8.15","82.5","89.2","75.9"
"RP000098444","LEGASPI, RP","1978-06","11.57","82.6","89.3","75.9"
"RP000098444","LEGASPI, RP","1978-07","7.72","82.8","89.9","75.8"
"RP000098444","LEGASPI, RP","1978-08","15.20","81.2","87.4","75.1"
"RP000098444","LEGASPI, RP","1978-09","13.86","81.3","87.9","74.7"
"RP000098444","LEGASPI, RP","1978-10","22.09","80.8","87.5","74.2"
"RP000098444","LEGASPI, RP","1978-11","10.16","79.8","85.6","73.9"
"RP000098444","LEGASPI, RP","1978-12","19.45","79.1","84.6","73.6"
"RP000098444","LEGASPI, RP","1979-01","5.39","77.9","84.3","71.4"
"RP000098444","LEGASPI, RP","1979-02","9.49","79.5","86.0","73.0"
"RP000098444","LEGASPI, RP","1979-03","2.76","80.3","86.8","73.8"
"RP000098444","LEGASPI, RP","1979-04","10.75","82.1","88.2","75.9"
"RP000098444","LEGASPI, RP","1979-05","5.08","83.6","90.5","76.7"
"RP000098444","LEGASPI, RP","1979-06","11.97","82.6","89.1","76.1"
"RP000098444","LEGASPI, RP","1979-07","9.61","82.3","88.9","75.7"
"RP000098444","LEGASPI, RP","1979-08","5.79","82.0","88.1","75.9"
"RP000098444","LEGASPI, RP","1979-09","18.31","82.1","89.0","75.3"
"RP000098444","LEGASPI, RP","1979-10","9.29","81.4","87.5","75.4"
"RP000098444","LEGASPI, RP","1979-11","12.72","80.6","86.3","74.9"
"RP000098444","LEGASPI, RP","1979-12","9.88","78.7","84.1","73.2"
"RP000098444","LEGASPI, RP","1980-01","8.78","78.5","84.0","73.1"
"RP000098444","LEGASPI, RP","1980-02","11.34","78.4","83.7","73.0"
"RP000098444","LEGASPI, RP","1980-03","11.77","79.7","85.6","73.8"
"RP000098444","LEGASPI, RP","1980-04","3.35","81.4","87.4","75.5"
"RP000098444","LEGASPI, RP","1980-05","2.56","83.5","90.6","76.4"
"RP000098444","LEGASPI, RP","1980-06","21.14","81.2","86.6","75.8"
"RP000098444","LEGASPI, RP","1980-07","11.69","82.3","89.0","75.7"
"RP000098444","LEGASPI, RP","1980-08","13.86","82.4","89.6","75.1"
"RP000098444","LEGASPI, RP","1980-09","11.18","81.8","88.1","75.5"
"RP000098444","LEGASPI, RP","1980-10","25.67","81.0","87.5","74.4"
"RP000098444","LEGASPI, RP","1980-11","12.44","80.8","86.8","74.8"
"RP000098444","LEGASPI, RP","1980-12","11.42","79.0","83.8","74.1"
"RP000098444","LEGASPI, RP","1981-01","18.19","76.8","81.2","72.5"
"RP000098444","LEGASPI, RP","1981-02","6.65","78.6","84.2","73.0"
"RP000098444","LEGASPI, RP","1981-03","2.56","80.3","86.6","74.1"
"RP000098444","LEGASPI, RP","1981-04","5.87","82.2","88.0","76.4"
"RP000098444","LEGASPI, RP","1981-05","5.43","83.6","90.6","76.6"
"RP000098444","LEGASPI, RP","1981-06","13.70","83.2","90.0","76.3"
"RP000098444","LEGASPI, RP","1981-07","9.29","82.0","88.2","75.8"
"RP000098444","LEGASPI, RP","1981-08","10.12","83.1","89.3","77.0"
"RP000098444","LEGASPI, RP","1981-09","13.86","83.1","89.9","76.3"
"RP000098444","LEGASPI, RP","1981-10","19.37","81.7","87.9","75.4"
"RP000098444","LEGASPI, RP","1981-11","33.94","80.8","86.1","75.6"
"RP000098444","LEGASPI, RP","1981-12","18.82","79.1","84.3","73.9"
"RP000098444","LEGASPI, RP","1982-01","8.94","77.6","82.6","72.5"
"RP000098444","LEGASPI, RP","1982-02","13.58","78.2","83.1","73.2"
"RP000098444","LEGASPI, RP","1982-03","9.80","80.8","86.8","74.8"
"RP000098444","LEGASPI, RP","1982-04","4.80","81.9","87.9","76.1"
"RP000098444","LEGASPI, RP","1982-05","7.13","83.0","89.8","76.2"
"RP000098444","LEGASPI, RP","1982-06","5.31","83.7","90.2","77.2"
"RP000098444","LEGASPI, RP","1982-07","15.39","81.8","87.7","75.8"
"RP000098444","LEGASPI, RP","1982-08","9.76","82.0","88.6","75.4"
"RP000098444","LEGASPI, RP","1982-09","22.36","82.0","87.7","76.3"
"RP000098444","LEGASPI, RP","1982-10","9.76","81.9","88.3","75.5"
"RP000098444","LEGASPI, RP","1982-11","15.16","80.9","86.1","75.8"
"RP000098444","LEGASPI, RP","1982-12","15.59","80.2","85.5","74.8"
"RP000098444","LEGASPI, RP","1983-01","5.35","79.7","85.3","74.1"
"RP000098444","LEGASPI, RP","1983-02","0.47","79.5","86.7","72.2"
"RP000098444","LEGASPI, RP","1983-03","1.34","81.3","87.6","75.1"
"RP000098444","LEGASPI, RP","1983-04","2.05","82.9","89.6","76.3"
"RP000098444","LEGASPI, RP","1983-05","0.91","84.6","91.5","77.8"
"RP000098444","LEGASPI, RP","1983-06","11.18","85.1","91.7","78.5"
"RP000098444","LEGASPI, RP","1983-07","20.98","83.2","89.3","77.0"
"RP000098444","LEGASPI, RP","1983-08","4.41","83.6","90.0","77.2"
"RP000098444","LEGASPI, RP","1983-09","10.59","82.8","89.5","76.2"
"RP000098444","LEGASPI, RP","1983-10","10.59","82.1","88.1","76.1"
"RP000098444","LEGASPI, RP","1983-11","18.31","80.1","85.2","75.0"
"RP000098444","LEGASPI, RP","1983-12","18.54","78.9","82.8","75.1"
"RP000098444","LEGASPI, RP","1984-01","15.83","79.3","84.0","74.6"
"RP000098444","LEGASPI, RP","1984-02","7.48","79.5","84.2","74.7"
"RP000098444","LEGASPI, RP","1984-03","8.94","80.9","86.2","75.5"
"RP000098444","LEGASPI, RP","1984-04","1.26","83.2","89.1","77.2"
"RP000098444","LEGASPI, RP","1984-05","4.17","83.7","90.2","77.2"
"RP000098444","LEGASPI, RP","1984-06","15.31","82.2","88.2","76.3"
"RP000098444","LEGASPI, RP","1984-07","6.61","82.2","89.6","74.9"
"RP000098444","LEGASPI, RP","1984-08","14.13","81.9","87.4","76.4"
"RP000098444","LEGASPI, RP","1984-09","6.61","81.8","88.7","74.9"
"RP000098444","LEGASPI, RP","1984-10","17.32","81.1","87.7","74.6"
"RP000098444","LEGASPI, RP","1984-11","26.06","80.6","86.2","75.0"
"RP000098444","LEGASPI, RP","1984-12","7.09","79.4","84.5","74.4"
"RP000098444","LEGASPI, RP","1985-01","11.89","78.1","83.4","72.8"
"RP000098444","LEGASPI, RP","1985-02","7.17","80.2","85.9","74.6"
"RP000098444","LEGASPI, RP","1985-03","7.09","81.2","87.0","75.3"
"RP000098444","LEGASPI, RP","1985-04","7.17","82.4","88.9","75.9"
"RP000098444","LEGASPI, RP","1985-05","5.55","83.1","89.9","76.3"
"RP000098444","LEGASPI, RP","1985-06","10.35","83.5","90.4","76.6"
"RP000098444","LEGASPI, RP","1985-07","12.36","81.9","88.5","75.3"
"RP000098444","LEGASPI, RP","1985-08","2.72","83.1","89.4","76.8"
"RP000098444","LEGASPI, RP","1985-09","9.41","81.8","88.1","75.5"
"RP000098444","LEGASPI, RP","1985-10","15.16","81.5","87.4","75.6"
"RP000098444","LEGASPI, RP","1985-11","16.54","81.1","86.0","76.1"
"RP000098444","LEGASPI, RP","1985-12","10.31","79.9","85.2","74.6"
"RP000098444","LEGASPI, RP","1986-01","8.98","78.6","82.3","74.8"
"RP000098444","LEGASPI, RP","1986-02","6.06","78.5","84.5","72.5"
"RP000098444","LEGASPI, RP","1986-03","3.70","80.2","85.6","74.8"
"RP000098444","LEGASPI, RP","1986-04","14.45","81.9","87.5","76.3"
"RP000098444","LEGASPI, RP","1986-05","3.54","84.6","92.2","77.1"
"RP000098444","LEGASPI, RP","1986-06","7.28","83.8","91.1","76.5"
"RP000098444","LEGASPI, RP","1986-07","10.55","82.5","89.2","75.8"
"RP000098444","LEGASPI, RP","1986-08","8.50","82.7","88.7","76.7"
"RP000098444","LEGASPI, RP","1986-09","10.79","82.2","89.1","75.4"
"RP000098444","LEGASPI, RP","1986-10","19.13","81.6","87.7","75.4"
"RP000098444","LEGASPI, RP","1986-11","13.31","81.6","87.4","75.8"
"RP000098444","LEGASPI, RP","1986-12","6.61","79.9","85.5","74.3"
"RP000098444","LEGASPI, RP","1987-01","4.29","78.8","84.0","73.7"
"RP000098444","LEGASPI, RP","1987-02","2.60","78.4","84.1","72.6"
"RP000098444","LEGASPI, RP","1987-03","1.69","80.9","86.5","75.3"
"RP000098444","LEGASPI, RP","1987-04","4.41","83.1","89.4","76.8"
"RP000098444","LEGASPI, RP","1987-05","1.77","85.4","92.5","78.3"
"RP000098444","LEGASPI, RP","1987-06","5.43","85.0","92.5","77.4"
"RP000098444","LEGASPI, RP","1987-07","9.65","82.9","89.7","76.1"
"RP000098444","LEGASPI, RP","1987-08","9.61","83.6","91.0","76.3"
"RP000098444","LEGASPI, RP","1987-09","7.91","82.6","88.7","76.5"
"RP000098444","LEGASPI, RP","1987-10","8.90","82.8","90.1","75.6"
"RP000098444","LEGASPI, RP","1987-11","25.71","81.8","88.0","75.6"
"RP000098444","LEGASPI, RP","1987-12","23.66","80.5","85.6","75.3"
"RP000098444","LEGASPI, RP","1988-01","10.47","81.4","87.1","75.6"
"RP000098444","LEGASPI, RP","1988-02","4.72","81.7","87.8","75.7"
"RP000098444","LEGASPI, RP","1988-03","3.35","82.0","88.1","76.0"
"RP000098444","LEGASPI, RP","1988-04","11.30","83.2","89.7","76.8"
"RP000098444","LEGASPI, RP","1988-05","4.65","85.3","91.9","78.7"
"RP000098444","LEGASPI, RP","1988-06","7.36","83.6","90.6","76.5"
"RP000098444","LEGASPI, RP","1988-07","6.85","83.3","89.8","76.7"
"RP000098444","LEGASPI, RP","1988-08","3.58","83.6","90.7","76.6"
"RP000098444","LEGASPI, RP","1988-09","5.75","83.0","90.1","75.8"
"RP000098444","LEGASPI, RP","1988-10","27.24","80.9","86.6","75.2"
"RP000098444","LEGASPI, RP","1988-11","35.28","80.1","85.2","75.0"
"RP000098444","LEGASPI, RP","1988-12","11.57","77.4","81.8","73.1"
"RP000098444","LEGASPI, RP","1989-01","21.69","79.2","83.8","74.7"
"RP000098444","LEGASPI, RP","1989-02","26.73","78.4","84.4","72.4"
"RP000098444","LEGASPI, RP","1989-03","12.91","79.4","85.9","72.9"
"RP000098444","LEGASPI, RP","1989-04","9.88","82.2","89.3","75.1"
"RP000098444","LEGASPI, RP","1989-05","10.31","82.9","89.7","76.1"
"RP000098444","LEGASPI, RP","1989-06","15.47","82.5","89.7","75.3"
"RP000098444","LEGASPI, RP","1989-07","6.46","82.4","89.0","75.8"
"RP000098444","LEGASPI, RP","1989-08","8.27","82.3","89.2","75.3"
"RP000098444","LEGASPI, RP","1989-09","12.91","81.9","88.7","75.1"
"RP000098444","LEGASPI, RP","1989-10","8.66","81.4","88.7","74.1"
"RP000098444","LEGASPI, RP","1989-11","9.09","79.8","85.7","74.0"
"RP000098444","LEGASPI, RP","1989-12","15.31","77.8","83.6","71.9"
"RP000098444","LEGASPI, RP","1990-01","17.56","78.5","83.7","73.4"
"RP000098444","LEGASPI, RP","1990-02","4.17","79.3","85.3","73.3"
"RP000098444","LEGASPI, RP","1990-03","1.30","80.1","86.6","73.6"
"RP000098444","LEGASPI, RP","1990-04","2.52","82.8","90.2","75.5"
"RP000098444","LEGASPI, RP","1990-05","10.51","83.6","90.2","77.0"
"RP000098444","LEGASPI, RP","1990-06","15.20","82.0","88.4","75.5"
"RP000098444","LEGASPI, RP","1990-07","7.76","82.3","89.1","75.4"
"RP000098444","LEGASPI, RP","1990-08","10.87","82.5","89.4","75.7"
"RP000098444","LEGASPI, RP","1990-09","8.19","81.9","90.1","73.8"
"RP000098444","LEGASPI, RP","1990-10","17.40","80.7","87.3","74.1"
"RP000098444","LEGASPI, RP","1990-11","15.51","80.3","86.6","74.1"
"RP000098444","LEGASPI, RP","1990-12","14.06","79.0","84.2","73.7"
"RP000098444","LEGASPI, RP","1991-01","7.09","79.0","84.7","73.3"
"RP000098444","LEGASPI, RP","1991-02","5.59","78.1","84.1","72.2"
"RP000098444","LEGASPI, RP","1991-03","7.99","79.6","86.1","73.2"
"RP000098444","LEGASPI, RP","1991-04","4.13","82.0","88.6","75.4"
"RP000098444","LEGASPI, RP","1991-05","10.75","82.6","89.0","76.2"
"RP000098444","LEGASPI, RP","1991-06","20.51","82.1","88.3","75.8"
"RP000098444","LEGASPI, RP","1991-07","12.40","81.8","88.5","75.0"
"RP000098444","LEGASPI, RP","1991-08","11.50","82.4","88.2","76.6"
"RP000098444","LEGASPI, RP","1991-09","6.73","83.0","89.0","77.1"
"RP000098444","LEGASPI, RP","1991-10","8.43","81.1","87.7","74.5"
"RP000098444","LEGASPI, RP","1991-11","15.28","79.0","85.4","72.5"
"RP000098444","LEGASPI, RP","1991-12","19.17","77.8","83.4","72.2"
"RP000098444","LEGASPI, RP","1992-01","9.21","77.9","84.4","71.3"
"RP000098444","LEGASPI, RP","1992-02","5.31","78.2","85.4","71.0"
"RP000098444","LEGASPI, RP","1992-03","2.13","80.3","86.7","74.0"
"RP000098444","LEGASPI, RP","1992-04","1.85","82.6","89.8","75.3"
"RP000098444","LEGASPI, RP","1992-05","5.04","83.2","90.0","76.5"
"RP000098444","LEGASPI, RP","1992-06","4.72","82.8","89.3","76.4"
"RP000098444","LEGASPI, RP","1992-07","12.80","81.1","87.6","74.6"
"RP000098444","LEGASPI, RP","1992-08","10.79","82.0","87.8","76.1"
"RP000098444","LEGASPI, RP","1992-09","8.27","81.5","87.9","75.1"
"RP000098444","LEGASPI, RP","1992-10","7.28","80.2","86.3","74.2"
"RP000098444","LEGASPI, RP","1992-11","11.61","78.9","84.8","73.1"
"RP000098444","LEGASPI, RP","1992-12","13.82","78.5","83.7","73.4"
"RP000098444","LEGASPI, RP","1993-01","6.42","77.4","83.4","71.4"
"RP000098444","LEGASPI, RP","1993-02","4.49","77.6","83.0","72.3"
"RP000098444","LEGASPI, RP","1993-03","5.87","78.1","84.2","71.9"
"RP000098444","LEGASPI, RP","1993-04","1.46","81.3","88.0","74.7"
"RP000098444","LEGASPI, RP","1993-05","4.69","82.7","89.1","76.3"
"RP000098444","LEGASPI, RP","1993-06","8.46","83.1","89.9","76.2"
"RP000098444","LEGASPI, RP","1993-07","15.47","81.7","87.9","75.6"
"RP000098444","LEGASPI, RP","1993-08","14.69","80.9","86.8","75.0"
"RP000098444","LEGASPI, RP","1993-09","11.54","80.9","87.6","74.1"
"RP000098444","LEGASPI, RP","1993-10","14.41","80.7","86.5","74.9"
"RP000098444","LEGASPI, RP","1993-11","27.60","81.0","87.0","75.1"
"RP000098444","LEGASPI, RP","1993-12","33.43","79.6","84.6","74.6"
"RP000098444","LEGASPI, RP","1994-01","23.31","78.7","84.2","73.1"
"RP000098444","LEGASPI, RP","1994-02","2.95","78.8","85.0","72.6"
"RP000098444","LEGASPI, RP","1994-03","6.65","80.8","86.8","74.8"
"RP000098444","LEGASPI, RP","1994-04","10.98","82.6","89.1","76.0"
"RP000098444","LEGASPI, RP","1994-05","5.35","84.5","91.6","77.4"
"RP000098444","LEGASPI, RP","1994-06","7.68","83.3","89.5","77.1"
"RP000098444","LEGASPI, RP","1994-07","14.88","81.2","86.2","76.2"
"RP000098444","LEGASPI, RP","1994-08","2.56","82.7","89.0","76.5"
"RP000098444","LEGASPI, RP","1994-09","9.96","81.2","86.6","75.8"
"RP000098444","LEGASPI, RP","1994-10","6.77","81.3","88.0","74.6"
"RP000098444","LEGASPI, RP","1994-11","5.12","80.4","86.0","74.7"
"RP000098444","LEGASPI, RP","1994-12","18.31","79.0","83.8","74.2"
"RP000098444","LEGASPI, RP","1995-01","10.75","78.1","83.2","73.1"
"RP000098444","LEGASPI, RP","1995-02","3.62","78.4","83.8","72.9"
"RP000098444","LEGASPI, RP","1995-03","1.81","79.0","84.9","73.1"
"RP000098444","LEGASPI, RP","1995-04","4.45","81.7","87.4","76.0"
"RP000098444","LEGASPI, RP","1995-05","5.35","83.4","89.6","77.1"
"RP000098444","LEGASPI, RP","1995-06","7.80","84.2","90.6","77.8"
"RP000098444","LEGASPI, RP","1995-07","13.66","82.2","88.1","76.2"
"RP000098444","LEGASPI, RP","1995-08","14.61","81.7","87.4","76.0"
"RP000098444","LEGASPI, RP","1995-09","15.51","81.6","86.7","76.6"
"RP000098444","LEGASPI, RP","1995-10","10.31","81.6","87.7","75.5"
"RP000098444","LEGASPI, RP","1995-11","33.27","80.8","85.5","76.0"
"RP000098444","LEGASPI, RP","1995-12","64.88","77.6","81.8","73.4"
"RP000098444","LEGASPI, RP","1996-01","18.27","78.2","81.8","74.7"
"RP000098444","LEGASPI, RP","1996-02","6.26","78.7","83.0","74.3"
"RP000098444","LEGASPI, RP","1996-03","22.40","80.1","84.1","76.0"
"RP000098444","LEGASPI, RP","1996-04","23.23","81.4","85.7","77.0"
"RP000098444","LEGASPI, RP","1996-05","5.87","84.2","90.1","78.3"
"RP000098444","LEGASPI, RP","1996-06","12.80","83.1","88.2","77.9"
"RP000098444","LEGASPI, RP","1996-07","8.23","82.8","87.9","77.6"
"RP000098444","LEGASPI, RP","1996-08","4.96","83.5","89.9","77.1"
"RP000098444","LEGASPI, RP","1996-09","6.10","83.2","89.2","77.3"
"RP000098444","LEGASPI, RP","1996-10","11.22","82.9","88.8","77.1"
"RP000098444","LEGASPI, RP","1996-11","21.46","81.3","86.1","76.5"
"RP000098444","LEGASPI, RP","1996-12","14.02","78.9","83.0","74.7"
"RP000098444","LEGASPI, RP","1997-01","3.31","78.2","83.1","73.3"
"RP000098444","LEGASPI, RP","1997-02","9.88","78.9","83.6","74.2"
"RP000098444","LEGASPI, RP","1997-03","3.66","79.3","84.5","74.1"
"RP000098444","LEGASPI, RP","1997-04","0.67","82.9","89.6","76.2"
"RP000098444","LEGASPI, RP","1997-05","6.42","83.9","89.6","78.2"
"RP000098444","LEGASPI, RP","1997-06","7.52","83.9","90.7","77.1"
"RP000098444","LEGASPI, RP","1997-07","13.90","82.3","87.9","76.7"
"RP000098444","LEGASPI, RP","1997-08","4.84","83.6","89.0","78.3"
"RP000098444","LEGASPI, RP","1997-09","13.15","82.1","88.4","75.8"
"RP000098444","LEGASPI, RP","1997-10","4.92","82.5","89.0","76.0"
"RP000098444","LEGASPI, RP","1997-11","11.26","81.1","86.6","75.5"
"RP000098444","LEGASPI, RP","1997-12","15.98","80.2","85.7","74.8"
"RP000098444","LEGASPI, RP","1998-01","6.42","80.1","85.5","74.7"
"RP000098444","LEGASPI, RP","1998-02","0.63","81.2","87.2","75.3"
"RP000098444","LEGASPI, RP","1998-03","4.69","81.7","87.7","75.6"
"RP000098444","LEGASPI, RP","1998-04","3.07","83.4","89.1","77.7"
"RP000098444","LEGASPI, RP","1998-05","9.69","84.3","90.0","78.5"
"RP000098444","LEGASPI, RP","1998-06","2.48","85.2","91.4","79.0"
"RP000098444","LEGASPI, RP","1998-07","7.28","84.7","91.8","77.6"
"RP000098444","LEGASPI, RP","1998-08","10.31","84.1","91.2","77.0"
"RP000098444","LEGASPI, RP","1998-09","10.94","83.7","90.5","76.9"
"RP000098444","LEGASPI, RP","1998-10","21.89","82.5","87.8","77.2"
"RP000098444","LEGASPI, RP","1998-11","11.97","82.6","88.1","77.1"
"RP000098444","LEGASPI, RP","1998-12","35.20","81.0","85.5","76.5"
"RP000098444","LEGASPI, RP","1999-01","34.25","79.8","83.9","75.6"
"RP000098444","LEGASPI, RP","1999-02","12.72","79.4","84.0","74.8"
"RP000098444","LEGASPI, RP","1999-03","16.85","81.7","86.6","76.7"
"RP000098444","LEGASPI, RP","1999-04","7.80","82.9","88.7","77.1"
"RP000098444","LEGASPI, RP","1999-05","5.98","84.1","90.2","78.1"
"RP000098444","LEGASPI, RP","1999-06","7.60","82.9","88.5","77.3"
"RP000098444","LEGASPI, RP","1999-07","6.18","83.2","88.9","77.4"
"RP000098444","LEGASPI, RP","1999-08","9.41","82.0","87.5","76.5"
"RP000098444","LEGASPI, RP","1999-09","4.45","82.6","88.4","76.8"
"RP000098444","LEGASPI, RP","1999-10","13.78","82.3","88.2","76.4"
"RP000098444","LEGASPI, RP","1999-11","21.50","80.6","85.2","76.0"
"RP000098444","LEGASPI, RP","1999-12","30.51","80.0","84.1","75.8"
"RP000098444","LEGASPI, RP","2000-01","14.37","79.6","84.7","74.6"
"RP000098444","LEGASPI, RP","2000-02","33.43","79.2","83.1","75.2"
"RP000098444","LEGASPI, RP","2000-03","18.98","80.7","85.3","76.1"
"RP000098444","LEGASPI, RP","2000-04","10.43","83.3","88.8","77.9"
"RP000098444","LEGASPI, RP","2000-05","4.21","84.7","91.2","78.2"
"RP000098444","LEGASPI, RP","2000-06","6.69","83.6","89.9","77.3"
"RP000098444","LEGASPI, RP","2000-07","8.78","82.2","87.5","76.9"
"RP000098444","LEGASPI, RP","2000-08","7.24","82.7","88.5","76.9"
"RP000098444","LEGASPI, RP","2000-09","8.23","82.6","88.1","77.1"
"RP000098444","LEGASPI, RP","2000-10","18.35","82.5","88.4","76.5"
"RP000098444","LEGASPI, RP","2000-11","24.65","82.1","87.0","77.2"
"RP000098444","LEGASPI, RP","2000-12","29.76","80.7","85.2","76.3"
"RP000098444","LEGASPI, RP","2001-06",,,"90.2",
"RP000098444","LEGASPI, RP","2001-07","7.20",,"88.3",
"RP000098444","LEGASPI, RP","2001-10",,,"87.8",
"RP000098444","LEGASPI, RP","2001-11",,,"86.2",
"RP000098444","LEGASPI, RP","2002-02",,,"84.1",
"RP000098444","LEGASPI, RP","2002-03",,,"85.7",
"RP000098444","LEGASPI, RP","2002-06",,,"91.4",
"RP000098444","LEGASPI, RP","2002-07",,,"89.0",
"RP000098444","LEGASPI, RP","2002-08",,"82.3","88.3","76.2"
"RP000098444","LEGASPI, RP","2002-09","8.05",,"88.5",
"RP000098444","LEGASPI, RP","2002-10","6.98",,"89.6",
"RP000098444","LEGASPI, RP","2002-11","16.97",,"87.3",
"RP000098444","LEGASPI, RP","2002-12","20.29","80.3","85.5","75.2"
"RP000098444","LEGASPI, RP","2003-01","7.70",,,
"RP000098444","LEGASPI, RP","2003-02","2.64",,"86.1",
"RP000098444","LEGASPI, RP","2003-04","4.14",,"90.5",
"RP000098444","LEGASPI, RP","2003-05","7.40",,"90.0",
"RP000098444","LEGASPI, RP","2003-06","9.64",,"90.6",
"RP000098444","LEGASPI, RP","2003-07","7.20",,"90.6",
"RP000098444","LEGASPI, RP","2003-08","6.24",,"90.3",
"RP000098444","LEGASPI, RP","2003-09","9.09","81.8","88.6","74.9"
"RP000098444","LEGASPI, RP","2003-10","9.64","81.3","89.5","73.0"
"RP000098444","LEGASPI, RP","2003-11","10.90","80.1","88.5","71.6"
"RP000098444","LEGASPI, RP","2003-12","7.56","76.3","83.7","68.8"
"RP000098444","LEGASPI, RP","2004-01","9.22","76.5","85.1","67.8"
"RP000098444","LEGASPI, RP","2004-02","5.98","77.2","86.3","68.0"
"RP000098444","LEGASPI, RP","2004-03","11.49","77.7","87.8","67.6"
"RP000098444","LEGASPI, RP","2004-04","2.08","81.1","91.2","71.0"
"RP000098444","LEGASPI, RP","2004-05","16.41","82.5","89.6","75.5"
"RP000098444","LEGASPI, RP","2004-06","11.00","80.8","89.4","72.2"
"RP000098444","LEGASPI, RP","2004-07","4.20",,,
"RP000098444","LEGASPI, RP","2004-08","6.22",,,
"RP000098444","LEGASPI, RP","2004-09","5.39","82.1","90.2","74.0"
"RP000098444","LEGASPI, RP","2004-10","7.51",,"87.3",
"RP000098444","LEGASPI, RP","2004-11","15.07",,,
"RP000098444","LEGASPI, RP","2004-12","11.59",,,
"RP000098444","LEGASPI, RP","2005-01","7.56",,,
"RP000098444","LEGASPI, RP","2005-02","2.22",,"86.5",
"RP000098444","LEGASPI, RP","2005-03","3.82",,,
"RP000098444","LEGASPI, RP","2005-04","1.26",,"89.9",
"RP000098444","LEGASPI, RP","2005-05","4.39",,,
"RP000098444","LEGASPI, RP","2005-06","8.45",,"91.1",
"RP000098444","LEGASPI, RP","2005-07","9.62",,,
"RP000098444","LEGASPI, RP","2005-09","23.70",,,
"RP000098444","LEGASPI, RP","2005-11","12.10",,,
"RP000098444","LEGASPI, RP","2005-12","37.06",,,
"RP000098444","LEGASPI, RP","2006-04",,,"88.2",
"RP000098444","LEGASPI, RP","2006-05",,,"88.9",
"RP000098444","LEGASPI, RP","2006-06",,,"90.5",
"RP000098444","LEGASPI, RP","2006-07",,,"87.7",
"RP000098444","LEGASPI, RP","2006-08",,,"86.6",
"RP000098444","LEGASPI, RP","2006-09",,,"88.1",
"RP000098444","LEGASPI, RP","2006-10","10.18",,"87.2",
"RP000098444","LEGASPI, RP","2006-11",,,"88.3",
"RP000098444","LEGASPI, RP","2007-01","13.17",,"84.3",
"RP000098444","LEGASPI, RP","2007-02",,,"86.0",
"RP000098444","LEGASPI, RP","2007-03",,,"86.0",
"RP000098444","LEGASPI, RP","2007-05",,,"90.2",
"RP000098444","LEGASPI, RP","2007-06",,,"90.2",
"RP000098444","LEGASPI, RP","2007-07",,,"89.6",
"RP000098444","LEGASPI, RP","2007-08",,,"88.6",
"RP000098444","LEGASPI, RP","2007-09","18.23",,"87.2",
"RP000098444","LEGASPI, RP","2007-10",,,"86.7",
"RP000098444","LEGASPI, RP","2007-11","29.40",,,
"RP000098444","LEGASPI, RP","2007-12","22.84",,"85.2",
"RP000098444","LEGASPI, RP","2008-01","13.43",,"84.4",
"RP000098444","LEGASPI, RP","2008-02","41.88",,"82.5",
"RP000098444","LEGASPI, RP","2008-03",,"80.6","85.8","75.4"
"RP000098444","LEGASPI, RP","2008-04","17.97",,"87.1",
"RP000098444","LEGASPI, RP","2008-05",,,"88.0",
"RP000098444","LEGASPI, RP","2008-06",,,"88.7",
"RP000098444","LEGASPI, RP","2008-07","7.01",,"88.5",
"RP000098444","LEGASPI, RP","2008-08",,,"87.7",
"RP000098444","LEGASPI, RP","2008-09",,,"88.4",
"RP000098444","LEGASPI, RP","2008-10","10.07",,,
"RP000098444","LEGASPI, RP","2008-11","16.50",,"87.6",
"RP000098444","LEGASPI, RP","2008-12","18.00",,"85.0",
"RP000098444","LEGASPI, RP","2009-01","9.21",,"82.3",
"RP000098444","LEGASPI, RP","2009-02","32.23",,"85.1",
"RP000098444","LEGASPI, RP","2009-03",,,"87.3",
"RP000098444","LEGASPI, RP","2009-04",,,"87.9",
"RP000098444","LEGASPI, RP","2009-05",,,"87.9",
"RP000098444","LEGASPI, RP","2009-06",,,"88.6",
"RP000098444","LEGASPI, RP","2009-07",,,"88.4",
"RP000098444","LEGASPI, RP","2009-08",,,"88.9",
"RP000098444","LEGASPI, RP","2009-09","9.56",,"87.0",
"RP000098444","LEGASPI, RP","2009-10",,,"87.7",
"RP000098444","LEGASPI, RP","2009-11","12.39",,"86.8",
"RP000098444","LEGASPI, RP","2009-12",,,"84.7",
"RP000098444","LEGASPI, RP","2010-01","8.00",,"83.6",
"RP000098444","LEGASPI, RP","2010-02",,,"86.4",
"RP000098444","LEGASPI, RP","2010-03",,,"87.8",
"RP000098444","LEGASPI, RP","2010-04",,,"89.2",
"RP000098444","LEGASPI, RP","2010-05",,,"92.5",
"RP000098444","LEGASPI, RP","2010-06",,,"93.0",
"RP000098444","LEGASPI, RP","2010-07","6.69",,"91.0",
"RP000098444","LEGASPI, RP","2010-08","8.67",,"89.5",
"RP000098444","LEGASPI, RP","2010-09","8.87","82.9","90.0","75.8"
"RP000098444","LEGASPI, RP","2010-10","9.40",,,
"RP000098444","LEGASPI, RP","2010-11","14.45",,,
"RP000098444","LEGASPI, RP","2010-12","39.78","79.5","85.4","73.5"
"RP000098444","LEGASPI, RP","2011-01","28.05","77.3","82.7","71.9"
"RP000098444","LEGASPI, RP","2011-02",,"79.2","86.1","72.3"
"RP000098444","LEGASPI, RP","2011-03","18.48","78.1","83.2","73.1"
"RP000098444","LEGASPI, RP","2011-04",,"80.2","87.6","72.8"
"RP000098444","LEGASPI, RP","2011-05",,"81.6","88.8","74.5"
"RP000098444","LEGASPI, RP","2011-06",,"81.6","88.8","74.3"
"RP000098444","LEGASPI, RP","2011-07",,"80.6","87.9","73.3"
"RP000098444","LEGASPI, RP","2011-08","10.17","80.8","88.3","73.2"
"RP000098444","LEGASPI, RP","2011-09",,"81.4","89.1","73.7"
"RP000098444","LEGASPI, RP","2011-10",,"80.1","88.4","71.9"
"RP000098444","LEGASPI, RP","2011-11","19.44","79.4","87.0","71.7"
"RP000098444","LEGASPI, RP","2011-12","26.67","77.8","85.2","70.4"
"RP000098444","LEGASPI, RP","2012-01","15.07","77.7","85.2","70.2"
"RP000098444","LEGASPI, RP","2012-02","27.55","77.2","84.8","69.6"
"RP000098444","LEGASPI, RP","2012-03","14.91",,,"70.3"
"RP000098444","LEGASPI, RP","2012-04",,"80.5","88.9","72.1"
"RP000098444","LEGASPI, RP","2012-05",,"83.5","91.3","75.7"
"RP000098444","LEGASPI, RP","2012-06",,,"88.8",
"RP000098444","LEGASPI, RP","2012-07",,"81.7","88.0","75.5"
"RP000098444","LEGASPI, RP","2012-08",,"82.4","88.7","76.1"
"RP000098444","LEGASPI, RP","2012-09","7.81","81.7","88.2","75.1"
"RP000098444","LEGASPI, RP","2012-10","17.75","80.7","87.1","74.3"
"RP000098444","LEGASPI, RP","2012-11",,"81.0","86.9","75.2"
"RP000098444","LEGASPI, RP","2012-12",,"80.5","86.8","74.2"
"RP000098444","LEGASPI, RP","2013-01","16.50","78.7","84.0","73.5"
"RP000098444","LEGASPI, RP","2013-02","15.12","80.2","85.8","74.7"
"RP000098444","LEGASPI, RP","2013-03",,"80.7","87.0","74.4"
"RP000098444","LEGASPI, RP","2013-04",,"83.2","90.7","75.8"
"RP000098444","LEGASPI, RP","2013-05",,"85.0","92.7","77.4"
"RP000098444","LEGASPI, RP","2013-06","10.94","83.8","91.5","76.1"
"RP000098444","LEGASPI, RP","2013-07",,"83.0","90.3","75.7"
"RP000098444","LEGASPI, RP","2013-08",,"82.4","89.2","75.6"
"RP000098444","LEGASPI, RP","2013-09","9.04","82.3","88.5","76.0"
"RP000098444","LEGASPI, RP","2013-10","3.46",,"88.4",
"RP000098444","LEGASPI, RP","2013-11","19.61","81.0","86.6","75.4"
"RP000098444","LEGASPI, RP","2013-12","21.33",,"85.5",
"RP000098444","LEGASPI, RP","2014-01","3.94",,"82.0",
"RP000098444","LEGASPI, RP","2014-02",,,"85.3",
"RP000098444","LEGASPI, RP","2014-03",,,"86.1",
"RP000098444","LEGASPI, RP","2014-04",,"82.3","88.2","76.4"
"RP000098444","LEGASPI, RP","2014-05",,,"92.2",
"RP000098444","LEGASPI, RP","2014-06",,,"92.7",
"RP000098444","LEGASPI, RP","2014-07",,,"88.0",
"RP000098444","LEGASPI, RP","2014-08",,,"90.2",
"RP000098444","LEGASPI, RP","2014-09",,,"88.1",
"RP000098444","LEGASPI, RP","2014-10",,,"87.3",
"RP000098444","LEGASPI, RP","2014-11","13.07",,"87.2",
"RP000098444","LEGASPI, RP","2014-12","24.35",,"83.8",
"RP000098444","LEGASPI, RP","2015-01","20.08",,"83.4",
"RP000098444","LEGASPI, RP","2015-02",,,"83.8",
"RP000098444","LEGASPI, RP","2015-03",,,"85.8",
"RP000098444","LEGASPI, RP","2015-05",,,"90.3",
"RP000098444","LEGASPI, RP","2015-06",,,"90.2",
"RP000098444","LEGASPI, RP","2015-07",,,"88.4",
"RP000098444","LEGASPI, RP","2015-08",,,"89.4",
"RP000098444","LEGASPI, RP","2015-09",,,"90.2",
"RP000098444","LEGASPI, RP","2015-10",,,"88.2",
"RP000098444","LEGASPI, RP","2015-11","12.59",,"87.6",
"RP000098444","LEGASPI, RP","2015-12","19.26",,"86.1",
"RP000098444","LEGASPI, RP","2016-01",,,"85.4",
"RP000098444","LEGASPI, RP","2016-02","13.15",,"84.8",
"RP000098444","LEGASPI, RP","2016-03",,,"87.4",
"RP000098444","LEGASPI, RP","2016-04",,,"90.1",
"RP000098444","LEGASPI, RP","2016-05",,,"92.0",
"RP000098444","LEGASPI, RP","2016-06",,,"91.8",
"RP000098444","LEGASPI, RP","2016-07",,,"90.1",
"RP000098444","LEGASPI, RP","2016-08","5.22",,"89.8",
"RP000098444","LEGASPI, RP","2016-09",,,"90.5",
"RP000098444","LEGASPI, RP","2016-10",,,"88.1",
"RP000098444","LEGASPI, RP","2016-11","18.76",,"86.7",
"RP000098444","LEGASPI, RP","2016-12","24.68",,"85.8",
"RP000098444","LEGASPI, RP","2017-01","22.36",,"83.9",
"RP000098444","LEGASPI, RP","2017-02","5.67",,"84.8",
"RP000098444","LEGASPI, RP","2017-03",,,"86.4",
"RP000098444","LEGASPI, RP","2017-04",,,"89.3",
"RP000098444","LEGASPI, RP","2017-05",,,"91.2",
"RP000098444","LEGASPI, RP","2017-06",,,"91.7",
"RP000098444","LEGASPI, RP","2017-07","11.52",,"88.2",
"RP000098444","LEGASPI, RP","2017-08",,,"90.7",
"RP000098444","LEGASPI, RP","2017-09",,,"90.0",
"RP000098444","LEGASPI, RP","2017-10",,,"88.6",
"RP000098444","LEGASPI, RP","2017-11","39.14",,"87.6",
"RP000098444","LEGASPI, RP","2017-12","31.13",,"85.1",
"RP000098444","LEGASPI, RP","2018-01","30.81",,"84.8",
"RP000098444","LEGASPI, RP","2018-02",,,"86.0",
"RP000098444","LEGASPI, RP","2018-03",,,"87.9",
"RP000098444","LEGASPI, RP","2018-04",,,"90.0",
"RP000098444","LEGASPI, RP","2018-05",,,"90.9",
"RP000098444","LEGASPI, RP","2018-06",,,"89.8",
"RP000098444","LEGASPI, RP","2018-07",,,"88.4",
"RP000098444","LEGASPI, RP","2018-08",,,"88.9",
"RP000098444","LEGASPI, RP","2018-09",,,"89.1",
"RP000098444","LEGASPI, RP","2018-10",,,"89.2",
"RP000098444","LEGASPI, RP","2018-12","36.24",,"86.3",
"RP000098444","LEGASPI, RP","2019-01","9.56",,"84.9",
"RP000098444","LEGASPI, RP","2019-02",,,"86.0",
"RP000098444","LEGASPI, RP","2019-03",,,"88.4",
"RP000098444","LEGASPI, RP","2019-04",,,"89.7",
"RP000098444","LEGASPI, RP","2019-06",,,"92.2",
"RP000098444","LEGASPI, RP","2019-07",,,"89.3",
"RP000098444","LEGASPI, RP","2019-08",,,"88.2",
"RP000098444","LEGASPI, RP","2019-09",,,"89.4",
